,Date,Mérydes,Type de Bonus,Bonus,Offrandes,Quantité Offrandes,Kamas
,1 janvier 2024,Mazic,Bonus : Jour de l'an,"Onome attend les aventuriers qui veulent célébrer la nouvelle année près du temple de Xélor. Sa bénédiction accorde un sortilège temporaire, le bond du Début-Temps, que vous serez capable de lancer durant 12 heures.",Métronome du Début-Temps,1,8400
,2 janvier 2024,Arouz,Bonus : Économie d'ingrédients,Les Paysans économisent 15 % de leurs ingrédients lorsqu'ils fabriquent des objets.,Michette,4,395
,3 janvier 2024,Orage,Bonus : Challenges augmentés,Les bonus apportés par les challenges réussis sont augmentés de 150 % dans le donjon de la Tempête de l'Eliocalypse.,Capuche d'Armécréante,1,21990
,4 janvier 2024,Thomahon,Bonus : Butin,Les chances d'obtenir du butin sont augmentées de 75 % dans la zone des Larmes d'Ouronigride.,Cœur de Crapeur,3,16140
,5 janvier 2024,Ling,Bonus : Récolte abondante,Les quantités de Frostiz récupérées par les Paysans sont augmentées de 200 %.,Frostiz,10,10995
,6 janvier 2024,Sebklav,Bonus : Quête répétable,"Une quête répétable spéciale est disponible aujourd'hui près de l'atelier des paysans du village d'Amakna. Réalisable à partir du niveau 20, elle est indépendante de la quête d'offrande.",Poils de Barbe du Grand Pa Wabbit,6,2111
,7 janvier 2024,Yvad,Bonus : Points d'expérience,Les gains d'expérience sont augmentés de 50 % sur les créatures de type Gadouilleux.,Boue du Boo,6,615
,8 janvier 2024,Leszak,Bonus : Challenges augmentés,Les bonus apportés par les challenges réussis sont augmentés de 150 % dans le donjon du Château Ensablé.,Serviette de Plage,6,395
,9 janvier 2024,Stun,Bonus : Objets de qualité,La qualité des objets fabriqués dans la ville de Bonta est augmentée.,Épée Sacrée,1,769
,10 janvier 2024,Trôma,Bonus : Élevage de montures,"Toutes les variétés de dragodindes, volkornes et muldos roux donnent naissance à un bébé supplémentaire.",Ceinture de Célérité,1,1253
,11 janvier 2024,Ashvey,Bonus : Butin,Les chances d'obtenir du butin sont augmentées de 50 % sur les créatures de type Dopeuls.,Miroir de Dopeul,6,1231
,12 janvier 2024,Rojers,Bonus : Minerai abondant,Les quantités d'Argent récupérées par les Mineurs sont augmentées de 125 %.,Argent,30,4200
,13 janvier 2024,Katlestyn,Bonus : Challenges augmentés,Les bonus apportés par les challenges réussis sont augmentés de 150 % dans les 4 zones des remparts du Château Harebourg et dans la Tour de la Clepsydre.,Bave de Nessil,2,21990
,14 janvier 2024,Guigui,Bonus : Bois abondant,Les quantités de Bois de Tremble récupérées par les Bûcherons sont augmentées de 125 %.,Bois de Tremble,10,10995
,15 janvier 2024,Poupline,Bonus : Butin,Les chances d'obtenir du butin sont augmentées de 50 % sur les créatures de type Bworks de Cania.,Botte trouée de Mégabwork,6,4551
,16 janvier 2024,Bubba,Bonus : Challenge supplémentaire,Un challenge supplémentaire est généré contre les monstres présents dans la zone de la Bordure de Brâkmar.,Relique Familiale,6,1517
,17 janvier 2024,Kia,Bonus : Challenges augmentés,Les bonus apportés par les challenges réussis sont augmentés de 125 % sur les créatures de type Arak-haï.,Glande d'Arak-haï,9,4551
,18 janvier 2024,Yêcetu,Bonus : Pêche abondante,Les quantités de poissons récupérées par les Pêcheurs de tous niveaux sont augmentées de 100 %.,Poisson-Chaton,40,593
,19 janvier 2024,Eskarina,Bonus : Anomalies temporelles,,Pagne d'Alashasss,2,21990
,20 janvier 2024,Inkola,Bonus : Butin,Les chances d'obtenir du butin sont augmentées de 50 % sur les créatures de type Rats Brâkmariens.,Poil de Rat Brâkmarien,2,6662
,21 janvier 2024,Magikow,Bonus : Fabrication intensive,"Pour chaque objet fabriqué, les Alchimistes ont 25 % de chances de créer un second objet.",Bouteille de Gloutoburg,1,11984
,22 janvier 2024,Danizzal,Bonus : Cueillette abondante,Les quantités d'Ortie récupérées par les Alchimistes sont augmentées de 125 %.,Ortie,40,197
,23 janvier 2024,Kestra,Bonus : Forgemagie améliorée,Les Sculptemages ont 15 % de chances de ne pas consumer de rune lorsqu'ils tentent d'améliorer une arme.,Rune So,2,769
,24 janvier 2024,Shiva,Bonus : Challenges augmentés,Les bonus apportés par les challenges réussis sont augmentés de 150 % dans le donjon de la Clairière du Chêne Mou.,Bourgeon d'Abraknyde Sombre Irascible,2,9741
,25 janvier 2024,Billfer,Bonus : Points d'expérience,Les gains d'expérience sont augmentés de 75 % dans la zone du Cimetière Primitif.,Tibia de Koalak Fossoyeur,5,6662
,26 janvier 2024,Pierrock,Bonus : Bois abondant,Les quantités de Bois de Chêne récupérées par les Bûcherons sont augmentées de 125 %.,Bois de Chêne,40,1187
,27 janvier 2024,Maribri,Bonus : Fabrication intensive,"Pour chaque objet fabriqué, les Paysans ont 25 % de chances de créer un second objet.",Carasau,4,395
,28 janvier 2024,Koppapi,Bonus : Challenges augmentés,Les bonus apportés par les challenges réussis sont augmentés de 150 % dans le donjon du Repaire de Sphincter Cell.,Queue de Rat Pine,2,11654
,29 janvier 2024,Krala,Bonus : Challenge supplémentaire,Un challenge supplémentaire est généré contre les monstres présents dans la zone du Coin des Bouftous.,Laine de Bouftou,6,593
,30 janvier 2024,Lôrf,Bonus : Butin,"Les chances d'obtenir du butin sont augmentées de 50 % sur les créatures de type Bandits, dont les Artisans sombres.",Bourse Suspecte,6,1517
,31 janvier 2024,Teskirf,Bonus : Cueillette abondante,Les quantités de Menthe Sauvage récupérées par les Alchimistes sont augmentées de 125 %.,Menthe Sauvage,40,1187
,1 février 2024,Tolgnas,Bonus : Points d'expérience et butin en larmes,Les gains d'expérience lors des combats contre les monstres et les chances d'obtenir du butin sont augmentés de 50 % pour tous les aventuriers qui sont sous l'influence d'une Idole de Tolgnas.,Blessure du Sacrieur,1,769
,2 février 2024,Ruevas,Bonus : La Grande Bouffe,"Les bonus apportés par les challenges réussis sont augmentés de 125 % sur toutes les créatures considérées comme des Bouftous, y compris les boufmouths et les boufcouls. De plus, les gains d'expérience sont augmentés de 50 % pour les Chasseurs, les Paysans et les Pêcheurs.",Brioche à la viande de bouftou,2,4771
,3 février 2024,Marke,Bonus : Points d'expérience,Les gains d'expérience sont augmentés de 50 % sur les créatures de type Magik Riktus.,Bombe de Graboule,6,4551
,4 février 2024,Eritem,Bonus : Butin,Les chances d'obtenir du butin sont augmentées de 75 % dans la zone des Crocs de verre.,Molaire de Blérice,2,19944
,5 février 2024,Val,Bonus : Percepteurs avides,Le butin généré par les Percepteurs est augmenté de 200 % dans les donjons de niveau 80 à 110.,Fil de Néfileuse,1,4551
,6 février 2024,Misdup,Bonus : Économie d'ingrédients,Les Forgerons économisent 15 % de leurs ingrédients lorsqu'ils fabriquent des objets.,Marteau de Boisaille,2,769
,7 février 2024,Kimykay,Bonus : Anomalies temporelles,"Les gains d'expérience sont augmentés de 50 % dans toutes les zones influencées par une anomalie temporelle. De plus, les gains d'expérience et les chances d'obtenir du butin sont augmentés de 25 % dans la zone du Bord de la Forêt Maléfique.",Lamelle de Champa Vert,6,1143
,8 février 2024,Eramas,Bonus : Bois abondant,Les quantités de Bois de Frêne récupérées par les Bûcherons sont augmentées de 125 %.,Bois de Frêne,40,197
,9 février 2024,Kilistin,Bonus : Butin,Les chances d'obtenir du butin sont augmentées de 100 % dans le donjon de la Grotte de Kanigroula.,Tignasse de Kanihilan,2,13721
,10 février 2024,Meash,Bonus : Élevage de montures,"Toutes les variétés de dragodindes, volkornes et muldos dorés donnent naissance à un bébé supplémentaire.",Pic de Dragodinde Dorée,6,3628
,11 février 2024,Bazûkana,Bonus : Pêche abondante,Les quantités de Bar Rikain et de Tanche récupérées par les Pêcheurs sont augmentées de 125 %.,Bar Rikain,40,7190
,12 février 2024,Karlita,Bonus : Challenges augmentés,Les bonus apportés par les challenges réussis sont augmentés de 125 % sur les créatures de type Mulous.,Poils de Mulounoké,5,5563
,13 février 2024,Fitsef,Bonus : Cadeaux surprises,"Des Pochettes-Surprises ont été ajoutées aux butins des monstres. Lorsqu'elles sont utilisées, elles permettent d'obtenir des Beignets de Karnaval ou bien de se retrouver déguisé en monstre Tout-Fou.",Bottes Karnaval,1,769
,14 février 2024,Duf,Bonus : Expérience amoureuse,Tous les personnages atteints par la Malédiction du Ballotin voient leurs gains d'expérience augmentés de 100 % lors des combats contre les monstres.,Shigekax Passion,9,593
,15 février 2024,Güss,Bonus : Coffres aux trésors,Des Coffres de Güss peuvent être gagnés à la fin des chasses aux trésors.,Potion de Vieillesse,1,11984
,16 février 2024,Tehego,Bonus : Économie d'ingrédients,Les Chasseurs économisent 15 % de leurs ingrédients lorsqu'ils fabriquent des objets.,Beignet Astrubien,6,593
,17 février 2024,Eidnas,Bonus : Butin,Les chances d'obtenir du butin sont augmentées de 50 % sur les créatures de type Fungus.,Écorce de Champaknyde,1,17240
,18 février 2024,Amirniana,Bonus : Points d'expérience,Les gains d'expérience sont augmentés de 50 % sur les créatures de type Abraknydiens Sombres.,Écorce d'Abrakne Sombre,6,4551
,19 février 2024,Karat,Bonus : Pêche abondante,Les quantités de Poisson-Chaton et de Carpe d'Iem récupérées par les Pêcheurs sont augmentées de 125 %.,Carpe d'Iem,40,1187
,20 février 2024,Atog,Bonus : Challenges augmentés,Les bonus apportés par les challenges réussis sont augmentés de 150 % dans les zones du Feuillage et du Tronc de l'arbre Hakam.,Croupion du Bitouf aérien,3,13062
,21 février 2024,Bii,Bonus : Butin,Les chances d'obtenir du butin sont augmentées de 75 % dans les zones du Village des Bworks et du Campement des Bworks.,Bière bwork,9,1737
,22 février 2024,Ludobel,Bonus : Points d'expérience,Les gains d'expérience sont augmentés de 75 % dans la zone du Sanctuaire des Dragoeufs.,Peau de Dragueuse,5,7872
,23 février 2024,Rumo,Bonus : Challenges augmentés,Les bonus apportés par les challenges réussis sont augmentés de 150 % dans le donjon du Tertre du long sommeil.,Corne de Malbois,2,12116
,24 février 2024,Vinstyl,Bonus : Challenge supplémentaire,Un challenge supplémentaire est généré contre les monstres présents dans les salles de la Base Abyssale.,Cuir d'Eskoglyphe,2,21990
,25 février 2024,Kanabal,Bonus : Butin,Les chances d'obtenir du butin sont augmentées de 100 % dans le donjon du Manoir de Katrepat.,Goulobule rouge,1,21990
,26 février 2024,Krisdip,Bonus : Challenges augmentés,Les bonus apportés par les challenges réussis sont augmentés de 125 % sur les créatures de type Marteaux-Aigris.,Armure de Blindur,2,19153
,27 février 2024,Tiko,Bonus : Gibier abondant,Les quantités de Viande Saignante et de Viande Persillée récupérées par les Chasseurs sont augmentées de 125 %.,Marinade Sucrée-Salée,4,14601
,28 février 2024,Tidihef,Bonus : Points d'expérience,Les gains d'expérience sont augmentés de 100 % dans le donjon de l'Arbre de Moon.,Plume de Domoizelle,3,5563
,29 février 2024,Yalpriaf,Bonus : Points d'expérience et butin pour tous,"Les gains d'expérience et les chances d'obtenir du butin sont augmentés de 75 % lors des combats contre les monstres. De plus, les gains d'expérience sont augmentés de 50 % pour tous les métiers.",Nageoire de Compétition,6,395
,1 mars 2024,Jonat,Bonus : Économie d'ingrédients,Les Bijoutiers économisent 15 % de leurs ingrédients lorsqu'ils fabriquent des objets.,La Chaîne Nhanor Kibrill,1,769
,2 mars 2024,Meluze,Bonus : Points d'expérience,Les bonus apportés par les challenges réussis sont augmentés de 150 % dans la zone de la Vallée de la Morh'Kitu.,Crâne d'Aventurier,5,7630
,3 mars 2024,Marifriss,Bonus : Bois abondant,Les quantités de Bois de Charme et de Bois de Bambou Sombre récupérées par les Bûcherons sont augmentées de 125 %.,Bois de Charme,20,7190
,4 mars 2024,Sylkauf,Bonus : Points d'expérience,Les gains d'expérience sont augmentés de 50 % sur les créatures de type Sylvesprits.,Volve de Fistulor,3,17987
,5 mars 2024,Darkchy,Bonus : Anomalies temporelles,"Les chances d'obtenir du butin sont augmentées de 50 % dans toutes les zones influencées par une anomalie temporelle. De plus, les gains d'expérience et les chances d'obtenir du butin sont augmentés de 25 % dans la zone des Landes de Cania.",Poil de Gliglitch,3,12116
,6 mars 2024,Marilez,Bonus : Objets de qualité,La qualité des objets fabriqués dans la ville de la Bourgade est augmentée.,Baguette de Glace,1,769
,7 mars 2024,Tella,Bonus : Challenges augmentés,Les bonus apportés par les challenges réussis sont augmentés de 125 % sur les créatures de type Kozaru.,Tête de lance de Fangshu,4,10599
,8 mars 2024,Davkaz,Bonus : Butin,"Les chances d'obtenir du butin sont augmentées de 50 % sur les créatures de type Wabbits, Wabbits mutants et Gawde du Wa.",Patte de Wabbit,6,1627
,9 mars 2024,Totot,Bonus : Récolte abondante,Les quantités de Houblon récupérées par les Paysans sont augmentées de 125 %.,Houblon,50,1187
,10 mars 2024,Inndo,Bonus : Élevage de montures,"Toutes les variétés de dragodindes, volkornes et muldos indigo ainsi que de volkornes saphir donnent naissance à un bébé supplémentaire.",Foudroyeur en Frêne,1,1165
,11 mars 2024,Laetux,Bonus : Challenge supplémentaire,"Un challenge supplémentaire est généré contre les monstres présents dans les zones des Marécages d'Amakna, des Marécages nauséabonds et des Marécages sans fond.",Dent de Crocodaille,8,1517
,12 mars 2024,Tajonoo,Bonus : Économie d'ingrédients,Les Pêcheurs économisent 15 % de leurs ingrédients lorsqu'ils fabriquent des objets.,Poisson Pané Frit,3,1737
,13 mars 2024,Maëmon,Bonus : Expérience Robillesque,Les gains d'expérience sont augmentés de 75 % sur tous les gardiens de donjon.,Œil de Harrogant,2,21990
,14 mars 2024,Todobaï,Bonus : Cueillette abondante,Les quantités de Trèfles à 5 Feuilles récupérées par les Alchimistes sont augmentées de 125 %.,Trèfle à,40,593
,15 mars 2024,Cycloune,Bonus : Challenge supplémentaire,Un challenge supplémentaire est généré contre les créatures de type Troolls de Litneg.,Gratrooll,5,7872
,16 mars 2024,Orété,Bonus : Points d'expérience,Les gains d'expérience sont augmentés de 50 % sur les créatures de type Zoths.,Jouet de Gamine Zoth,4,8774
,17 mars 2024,Wish,Bonus : Fortune des Leprechauns,Les aventuriers en quête de binouzetons peuvent récupérer deux fois plus de pièces sur les Leprechauns.,Cape du Piou Vert,1,769
,18 mars 2024,Ninefi,Bonus : Forgemagie améliorée,Les Façomages ont 15 % de chances de ne pas consumer de rune lorsqu'ils tentent d'améliorer un objet.,Rune Fui,2,769
,19 mars 2024,Icleen,Bonus : Minerai abondant,Les quantités de Manganèse récupérées par les Mineurs sont augmentées de 125 %.,Manganèse,30,2001
,20 mars 2024,Elosi,Bonus : Points d'expérience,Les gains d'expérience sont augmentés de 100 % dans le Vaisseau du Capitaine Meno.,Queue de Mantaze,2,21990
,21 mars 2024,Cébeyon,Bonus : Anomalies temporelles,"Le butin généré par les Percepteurs est augmenté de 100 % dans toutes les zones influencées par une anomalie temporelle. De plus, les gains d'expérience et les chances d'obtenir du butin sont augmentés de 25 % dans la zone de la Caserne du Jour sans fin.",Œil de Feutôme,2,21990
,22 mars 2024,Konala,Bonus : Butin,Les chances d'obtenir du butin sont augmentées de 100 % dans la Forgefroide de Missiz Frizz.,Incus de Verglasseur,2,21990
,23 mars 2024,Perviom,Bonus : Apparition des ressources,La vitesse d'apparition des bois de tous types est augmentée de 100 %.,Gravure de Crachin,1,3276
,24 mars 2024,Socren,Bonus : Points d'expérience,Les gains d'expérience sont augmentés de 50 % sur les créatures de type Scarafeuilles.,Ailes de Scarafeuille Blanc,6,1099
,25 mars 2024,Fala,Bonus : Butin,Les chances d'obtenir du butin sont augmentées de 50 % sur les créatures de type Krobes.,Antenne de Bacterrib,2,21990
,26 mars 2024,Dees,Bonus : Challenges augmentés,Les bonus apportés par les challenges réussis sont augmentés de 125 % sur les créatures de type Gloursons.,Incisive de Glourmand,1,19944
,27 mars 2024,Sha,Bonus : Gibier abondant,Les quantités de Viande Minérale et de Viande Frelatée récupérées par les Chasseurs sont augmentées de 125%.,Papillote au Citron,4,1781
,28 mars 2024,Clynt,Bonus : Points d'expérience,Les gains d'expérience sont augmentés de 100 % dans le Transporteur de Sylargh.,Canine de Kanimate,2,21990
,29 mars 2024,Ocarian,Bonus : Butin,Les chances d'obtenir du butin sont augmentées de 100 % dans la Grotte du Bworker.,Boulon de Cybwork,2,17240
,30 mars 2024,Mahadine,Bonus : Points d'expérience,Les gains d'expérience sont augmentés de 50 % sur les créatures de type Animaux du désert.,Queue de Fennex,6,3980
,31 mars 2024,Etnop,Bonus : Quête répétable et chocomania,"Une quête répétable spéciale est disponible aujourd'hui près du sanctuaire des Zobals. Réalisable à partir du niveau 20, elle est indépendante de la quête d'offrande. De plus, les gains d'expérience et les chances d'obtenir du butin sont augmentés de 30 % dans toutes les zones de l'Île de Pwâk.",Œuf de Dragoeuf Calcaire,1,2836
,1 avril 2024,Azra,Bonus : Points d'expérience et butin sur les créatures marines,"Les gains d'expérience et les chances d'obtenir du butin sont augmentés de 50 % sur tous les monstres considérés comme des créatures marines (pichons, monstres des plages, corailleurs, crustorails, tortues de Moon, crabe Hijacob, gélikan, Kralamoure Géant, monstres des abysses de Sufokia, Mercemers, Submergés, Crocodailles de Crocuzko).",Fluide Glacial,3,395
,2 avril 2024,Yamato,Bonus : Challenge supplémentaire,Un challenge supplémentaire est généré contre les monstres présents dans la zone du Territoire Cacterre.,Abreuvoir en Frêne,1,4200
,3 avril 2024,Jébédaï,Bonus : Points d'expérience,Les gains d'expérience sont augmentés de 75 % dans la zone du Mont des Tombeaux.,Lanterne usée,3,15436
,4 avril 2024,Typlanêt,Bonus : Objets de qualité,La qualité des objets fabriqués dans la ville de Sufokia est augmentée.,Ceinture de Sécurité,1,769
,5 avril 2024,Tasmalin,Bonus : Cueillette abondante,Les quantités d'Edelweiss récupérées par les Alchimistes sont augmentées de 125 %.,Edelweiss,40,1407
,6 avril 2024,Itourp,Bonus : Butin,Les chances d'obtenir du butin sont augmentées de 75 % dans la zone des Hauts des Hurlements.,Canine de Mergranlou,5,5563
,7 avril 2024,Bensom,Bonus : Récolte abondante,Les quantités d'Orge récupérées par les Paysans sont augmentées de 125 %.,Orge,50,197
,8 avril 2024,Enaibi,Bonus : Points d'expérience,Les gains d'expérience sont augmentés de 75 % dans la zone de la Plage de la Tortue.,Carapace Verte,6,1517
,9 avril 2024,Mak,Bonus : Challenges augmentés,Les bonus apportés par les challenges réussis sont augmentés de 150 % dans le donjon du Théâtre de Dramak.,Plume de Gobvious,5,5343
,10 avril 2024,Nunu,Bonus : Élevage de montures,"Toutes les variétés de dragodindes, volkornes et muldos pourpres ainsi que de volkornes jade donnent naissance à un bébé supplémentaire.",Anneau Fortifiant,2,769
,11 avril 2024,Jay,Bonus : Anomalies temporelles,"Les gains d'expérience sont augmentés de 50 % dans toutes les zones influencées par une anomalie temporelle. De plus, les gains d'expérience et les chances d'obtenir du butin sont augmentés de 25 % dans la zone du Lac de Cania.",Bout de Blop Coco,6,593
,12 avril 2024,Mobbib,Bonus : Butin,Les chances d'obtenir du butin sont augmentées de 50 % sur les créatures de type Armée de Brume.,Os de Jiangshi-Nobi,3,13721
,13 avril 2024,Gorzarel,Bonus : Bois abondant,Les quantités de Bois d'Ébène et de Bois de Kaliptus récupérées par les Bûcherons sont augmentées de 125 %.,Bois de Kaliptus,40,6377
,14 avril 2024,Bûnty,Bonus : Butin,Les chances d'obtenir du butin sont augmentées de 100 % dans le Nid du Kwakwa.,Plume du Kwak de Vent,4,1407
,15 avril 2024,Mascha,Bonus : Fabrication intensive,"Pour chaque objet fabriqué, les Bricoleurs ont 25 % de chances de créer un second objet.",Baffeur en Frêne,1,1165
,16 avril 2024,Favarez,Bonus : Pêche abondante,Les quantités de Greuvette et de Crabe Sourimi récupérées par les Pêcheurs sont augmentées de 125 %.,Greuvette,40,197
,17 avril 2024,Sehb,Bonus : Butin,Les chances d'obtenir du butin sont augmentées de 75 % dans la zone de la péninsule des Gelées.,Multygely,1,4507
,18 avril 2024,Duc,Bonus : Points d'expérience,Les gains d'expérience sont augmentés de 100 % dans le donjon des Salons privés de Klime.,Cuir de Cuirboule,2,21990
,19 avril 2024,Tchoub,Bonus : Minerai abondant,Les quantités d'Or récupérées par les Mineurs sont augmentées de 150 %.,Or,30,7190
,20 avril 2024,Viti,Bonus : Challenges augmentés,Les bonus apportés par les challenges réussis sont augmentés de 125 % sur les créatures de type Plantalas.,Nectar de l'Orient,2,6662
,21 avril 2024,Scheik,Bonus : Coffres aux trésors,Des Coffres de Scheik peuvent être gagnés à la fin des chasses aux trésors.,Boule polie,1,5871
,22 avril 2024,Sylfaen,Bonus : Butin,Les chances d'obtenir du butin sont augmentées de 50 % sur les créatures de type Monstres des ruines sous-marines.,Dent de Tilamproie,2,21990
,23 avril 2024,Katelruz,Bonus : Points d'expérience,Les gains d'expérience sont augmentés de 50 % sur les créatures de type Monstres des Tourbières.,Bave de Ouassingue,5,5761
,24 avril 2024,Lakha,Bonus : Challenge supplémentaire,Un challenge supplémentaire est généré contre les monstres présents dans la zone de la Montagne des Craqueleurs.,Pierre du Craqueleur,6,2836
,25 avril 2024,Rakreveï,Bonus : Gibier abondant,Les quantités de Viande Rassie et de Viande Exsudative récupérées par les Chasseurs sont augmentées de 125 %.,Viande Rassie,6,4947
,26 avril 2024,Fako,Bonus : Quêtes et kamas,Les gains de kamas sont augmentés de 100 % pour toutes les quêtes.,Kamatrix,1,5981
,27 avril 2024,Proff,Bonus : Challenges augmentés,Les bonus apportés par les challenges réussis sont augmentés de 125 % sur les créatures de type Ruffians de Cania.,Oreille de Foufayteur,6,2990
,28 avril 2024,Shinkarré,Bonus : Minerai abondant,Les quantités de minerai récupérées par les Mineurs de tous niveaux sont augmentées de 100 %.,Cristal,1,2374
,29 avril 2024,Mylka,Bonus : Butin,Les chances d'obtenir du butin sont augmentées de 50 % sur les créatures de type Tofus.,Plume de Tofu,6,989
,30 avril 2024,Franek,Bonus : Cueillette abondante,Les quantités de Plantes récupérées par les Alchimistes de tous niveaux sont augmentées de 100 %.,Graine de Pandouille,40,4200
,1 mai 2024,Esthoma,Bonus : Fabrique Féérique,"Les gains d'expérience sont augmentés de 50 % pour tous les métiers. De plus, pour chaque Fée d'Artifice fabriquée, les personnages ont 25 % de chances de créer une seconde Fée et 15 % de chances d'économiser des ingrédients. Ils peuvent aussi récupérer 2 fois plus de Capsules Explosives en combattant des Bworks Mages.",Capsule Explosive,2,1517
,2 mai 2024,Gymcitro,Bonus : Points d'expérience,Les gains d'expérience sont augmentés de 100 % dans le donjon du Temple du Grand Ougah.,Langue de Champodonte,1,17240
,3 mai 2024,Rikku,Bonus : Anomalies temporelles,"Les bonus apportés par les challenges réussis sont augmentés de 75 % dans toutes les zones influencées par une anomalie temporelle. De plus, les gains d'expérience et les chances d'obtenir du butin sont augmentés de 25 % dans la zone du Cirque de Cania.",Croupion de Truchmuche,4,8510
,4 mai 2024,Malava,Bonus : Butin,Les chances d'obtenir du butin sont augmentées de 50 % sur les créatures de type Gobelins d'Amakna.,Longue-vue de Gob-Trotteur,6,989
,5 mai 2024,Bo,Bonus : Challenge supplémentaire,Un challenge supplémentaire est généré contre les monstres présents dans la zone des Plaines Rocheuses.,Fragment de Pierre Pointue,6,2748
,6 mai 2024,Bipup,Bonus : Bois abondant,Les quantités de Bombu et d'Érable récupérées par les Bûcherons sont augmentées de 125 %.,Bois d'Érable,40,2001
,7 mai 2024,Azkatraz,Bonus : Challenges augmentés,Les bonus apportés par les challenges réussis sont augmentés de 150 % dans les donjons de la Tour de Solar et de la Tour de Bethel.,Dent de Klémort,1,21990
,8 mai 2024,Bigg,Bonus : Quête répétable,"Une quête répétable spéciale est disponible aujourd'hui près du château d'Amakna. Réalisable à partir du niveau 20, elle est indépendante de la quête d'offrande.",Pomme de Terre,20,197
,9 mai 2024,Alikindoy,Bonus : Nature généreuse,"La vitesse d'apparition des ressources de tous types est augmentée de 100 %. De plus, les récolteurs peuvent récupérer des Fleurs de Rosal ou des Fringales de Silouate en affrontant les Protecteurs de ressources.",Sac du Petit Récolteur,1,2001
,10 mai 2024,Loumi,Bonus : Élevage de montures,"Toutes les variétés de dragodindes, volkornes et muldos turquoise donnent naissance à un bébé supplémentaire.",Pic de Dragodinde,6,2462
,11 mai 2024,Duanaf,Bonus : Forgemagie élémentaire,Les chances de transformer une arme via une potion de forgemagie élémentaire sont doublées.,Fiole à élément,1,5981
,12 mai 2024,Zebdara,Bonus : Récolte abondante,Les quantités de Malt récupérées par les Paysans sont augmentées de 125 %.,Malt,50,4200
,13 mai 2024,Todeb,Bonus : Challenges augmentés,Les bonus apportés par les challenges réussis sont augmentés de 150 % dans le donjon du Repaire de Skeunk.,Dédicace de Skeunk pour Émeraude,1,8400
,14 mai 2024,Emil,Bonus : Objets de qualité,La qualité des objets fabriqués dans le village et la forêt d'Amakna est augmentée.,Bouclier de Bowisse,1,4529
,15 mai 2024,Nell,Bonus : Cadeaux Surprises,"Des Boufballes Surprises ont été ajoutées aux butins des monstres. Lorsqu'elles sont utilisées, elles permettent d'obtenir des Bouf'gommes de différents parfums.",Collier de Khan Karkass,2,769
,16 mai 2024,Ku,Bonus : Apparition des ressources,La vitesse d'apparition des fleurs et des plantes cueillies par les Alchimistes est augmentée de 100 %.,Belladone,40,7190
,17 mai 2024,Khâm,Bonus : Butin,Les chances d'obtenir du butin sont augmentées de 50 % sur les créatures de type Monstres des Tourbières.,Étoffe du Roissingue,1,21154
,18 mai 2024,Kevlatahmu,Bonus : Anomalies temporelles,"Le butin généré par les Percepteurs est augmenté de 100 % dans toutes les zones influencées par une anomalie temporelle. De plus, les gains d'expérience et les chances d'obtenir du butin sont augmentés de 25 % dans la zone de Plantala.",Pollen de Bulbiflore,3,6662
,19 mai 2024,Tyrben,Bonus : Minerai abondant,Les quantités d'Étain et de Silicate récupérées par les Mineurs sont augmentées de 125 %.,Étain,30,2990
,20 mai 2024,Toun,Bonus : Quête répétable,"Une quête répétable spéciale est disponible aujourd'hui à l'est de l'atelier des bûcherons de la forêt d'Amakna. Réalisable à partir du niveau 20, elle est indépendante de la quête d'offrande.",Cawotte,2,1407
,21 mai 2024,Ntamak,Bonus : Expérience des métiers,"Les gains d'expérience sont augmentés de 50 % pour les métiers de fabrication de vêtements et de parures (Bijoutier, Cordonnier et Tailleur).",Capouze des Champs,1,769
,22 mai 2024,Krisegis,Bonus : Expérience des quêtes,Les gains d'expérience sont augmentés de 100 % pour toutes les quêtes.,Sac du Petit Aventurier,1,2352
,23 mai 2024,Osebo,Bonus : Pêche abondante,"Les quantités de Brochet, de Perche et de Lotte récupérées par les Pêcheurs sont augmentées de 125 %.",Brochet,40,2001
,24 mai 2024,Daza,Bonus : Apparition des ressources,La vitesse d'apparition des ressources est augmentée de 150 % dans la zone des Champs de Cania.,Seigle,40,2990
,25 mai 2024,Seyfani,Bonus : Points d'expérience,Les gains d'expérience sont augmentés de 75 % dans la zone des Plaines Herbeuses.,Duvet du Kilibriss,5,13391
,26 mai 2024,Taelstrom,Bonus : Challenge supplémentaire,Un challenge supplémentaire est généré contre les monstres présents dans la zone du Labyrinthe du Minotoror.,Corne de Gamino,4,8927
,27 mai 2024,Milidès,Bonus : Fabrication intensive,"Pour chaque objet fabriqué, les Pêcheurs ont 25 % de chances de créer un second objet.",Tanche en Matelote,2,17987
,28 mai 2024,Izmar,Bonus : Gibier abondant,Les quantités de Viande Sanguinolente récupérées par les Chasseurs sont augmentées de 125%.,Viande Sanguinolente,6,3980
,29 mai 2024,Ani,Bonus : Points d'expérience,Les gains d'expérience sont augmentés de 75 % dans les zones du Cimetière des Torturés et du Cimetière des Héros.,Miséricorde du Chafer d'Élite,6,1517
,30 mai 2024,Xandra,Bonus : Forgemagie améliorée,Les Forgemages ont 15 % de chances de ne pas consumer de rune lorsqu'ils tentent d'améliorer une arme.,Rune Pui,3,769
,31 mai 2024,Tiny,Bonus : Butin,Les chances d'obtenir du butin sont augmentées de 100 % dans le donjon de l'Antre du Korriandre.,Lamelle de Dramanite,3,17987
,1 juin 2024,Namyknof,Bonus : Challenge supplémentaire,Un challenge supplémentaire est généré contre les créatures de type Monstres des plages.,Pince de Crabe,6,1517
,2 juin 2024,Elgero,Bonus : Vœu de pauvreté,"Des Sébiles d'Elgero ont été ajoutées aux butins des monstres des donjons. Lorsqu'elles sont utilisées, elles font disparaître les kamas… et permettent de bénéficier d'un effet aléatoire de charité bien ordonnée.",Biscotte,2,3980
,3 juin 2024,Mikart,Bonus : Percepteurs avides,Le butin généré par les Percepteurs est augmenté de 200 % dans les donjons de niveau 40 à 70.,Graine de la Discorde,6,1231
,4 juin 2024,Martero,Bonus : Gardiens de la nature,"Les protecteurs de ressources ont 5 fois plus de chances d'apparaître pendant les activités de récolte. De plus, la vitesse d'apparition des Archimonstres est augmentée de 200 %.",Bouclier du Bouftou,1,1165
,5 juin 2024,Aris,Bonus : Points d'expérience,Les gains d'expérience sont augmentés de 50 % sur les créatures de type Krobes.,Coquille de Virustine,2,21990
,6 juin 2024,Mendelia,Bonus : Butin,Les chances d'obtenir du butin sont augmentées de 100 % dans le Donjon du Comte Harebourg.,Œil de Cycloïde,2,21990
,7 juin 2024,Halden,Bonus : Points d'expérience,Les gains d'expérience sont augmentés de 50 % sur les créatures de type Bléros.,Griffe de Blérauve,2,19944
,8 juin 2024,Tigibon,Bonus : Anomalies temporelles,"Les gains d'expérience des montures sont augmentés de 100 % dans toutes les zones influencées par une anomalie temporelle. De plus, les gains d'expérience et les chances d'obtenir du butin sont augmentés de 25 % dans la zone de la Route des Roulottes.",Roue de Tivelo,6,4551
,9 juin 2024,Verôl,Bonus : Cueillette abondante,Les quantités d'Orchidée Freyesque récupérées par les Alchimistes sont augmentées de 125 %.,Orchidée Freyesque,40,2001
,10 juin 2024,Jibejan,Bonus : Élevage de montures,"Toutes les variétés de dragodindes, volkornes et muldos amande donnent naissance à un bébé supplémentaire.",Lait de Dragodinde,6,2462
,11 juin 2024,Teluomaj,Bonus : Butin,Les chances d'obtenir du butin sont augmentées de 100 % dans le Camp du Comte Razof.,Bouteille de Bouchonnois,1,21990
,12 juin 2024,Aazimar,Bonus : Challenges augmentés,Les bonus apportés par les challenges réussis sont augmentés de 150 % dans le donjon de l'Aquadôme de Merkator.,Sang de Harpo,1,21990
,13 juin 2024,Blou,Bonus : Bois abondant,Les quantités de Bambou récupérées par les Bûcherons sont augmentées de 125 %.,Bois de Bambou,40,3562
,14 juin 2024,Yaka,Bonus : Économie d'ingrédients,Les Bricoleurs ont 15 % de chances d'économiser des ingrédients lorsqu'ils fabriquent des objets.,Clef des Champs,1,769
,15 juin 2024,Bek,Bonus : Points d'expérience,Les gains d'expérience sont augmentés de 100 % dans laGrotte Hesque.,Coccyx du Corailleur,6,1407
,16 juin 2024,Pytch,Bonus : Challenge supplémentaire,Un challenge supplémentaire est généré contre les monstres présents dans les zones de la Presqu'île des Dragoeufs.,Coquille de Dragoeuf Ardoise,6,2836
,17 juin 2024,Seyroth,Bonus : Challenges augmentés,Les bonus apportés par les challenges réussis sont augmentés de 125 % sur les créatures de type Abraknydiens.,Racine d'Abraknyde,6,1407
,18 juin 2024,Redfis,Bonus : Minerai abondant,Les quantités de Cendrepierre récupérées par les Mineurs sont augmentées de 125 %.,Cendrepierre,30,8993
,19 juin 2024,Lim,Bonus : Butin,Les chances d'obtenir du butin sont augmentées de 75 % dans la zone de Feudala.,Peau de Crachefoux,4,10599
,20 juin 2024,Grut,Bonus : Récolte abondante,Les quantités de Blé récupérées par les Paysans sont augmentées de 125 %.,Blé,50,197
,21 juin 2024,Atsu,Bonus : Du miel dans les oreilles,"Les amateurs de musique peuvent récupérer deux fois plus de pollenectar sur les créatures du Monde des Douze (hors dimensions, zones sous-marines et intérieurs).",Tambour de Gobaladée,6,395
,22 juin 2024,Gnat,Bonus : Challenge supplémentaire,Un challenge supplémentaire est généré contre les monstres présents dans les zones de la Plage de Corail.,Pince de Crustorail,6,1297
,23 juin 2024,Hellmut,Bonus : Points d'expérience,Les gains d'expérience sont augmentés de 50 % sur les créatures de type Possédés.,Appendice Démoniaque,1,21990
,24 juin 2024,Azrou,Bonus : Butin,Les chances d'obtenir du butin sont augmentées de 50 % sur les créatures de typeAnimaux des champs.,Peau de Larve Champêtre,1,2396
,25 juin 2024,Oopah,Bonus : Apparition des ressources,La vitesse d'apparition des ressources est augmentée de 150 % dans la zone de la Mine Istairameur.,Eau Ferrugineuse,1,395
,26 juin 2024,Bouliks,Bonus : Objets de qualité,La qualité des objets fabriqués sur l'île de Pandala est augmentée.,Bouclier Volant,1,769
,27 juin 2024,Ansôh,Bonus : Butin,Les chances d'obtenir du butin sont augmentées de 100 % dans le Temple de Koutoulou.,Tentacule de Grofond,2,21990
,28 juin 2024,Ikoan,Bonus : Anomalies temporelles,"Les bonus apportés par les challenges réussis sont augmentés de 75 % dans toutes les zones influencées par une anomalie temporelle. De plus, les gains d'expérience et les chances d'obtenir du butin sont augmentés de 25 % dans la zone de la Pyramide Maudite.",Grenat de Momistik,2,21990
,29 juin 2024,Poch,Bonus : Gibier abondant,Les quantités de Viande Gâtée et de Viande Noire récupérées par les Chasseurs sont augmentées de 125%.,Viande Noire,2,19944
,30 juin 2024,Lamarilu,Bonus : Points d'expérience,Les gains d'expérience sont augmentés de 100 % dans l'Akadémie des Gobs.,Bonnet de Gobaliste,6,989
,1 juillet 2024,Rems,Bonus : Butin,Les chances d'obtenir du butin sont augmentées de 50 % sur les créatures de type Dragoss.,Écaille de Dragoss Charbon,5,5563
,2 juillet 2024,Yanouchk,Bonus : Challenges augmentés,Les bonus apportés par les challenges réussis sont augmentés de 150 % dans le donjon du Tofulailler Royal.,Œuf de Tofubine,1,7762
,3 juillet 2024,Sirdal,Bonus : Économie d'ingrédients,Les Alchimistes ont 15 % de chances d'économiser des ingrédients lorsqu'ils fabriquent des objets.,Potion Raide Dite,3,747
,4 juillet 2024,Eiwech,Bonus : Rêve amaknéen,"Les gains d'expérience et les chances d'obtenir du butin sont augmentés de 50 % sur tous les monstres présents dans les zones du royaume d'Amakna. De plus, les quantités de Points de rêve obtenus dans les Songes infinis sont augmentées de 200 %.",Friture Amaknéenne,4,3584
,5 juillet 2024,Alaokit,Bonus : Butin,Les chances d'obtenir du butin sont augmentées de 100 % dans le donjon de l'Atelier du Tanukouï San.,Poils magiques de Tanuki,2,9191
,6 juillet 2024,Poupik,Bonus : Pêche abondante,Les quantités de Goujon et de Truite récupérées par les Pêcheurs sont augmentées de 125 %.,Truite,40,197
,7 juillet 2024,Lazura,Bonus : Récolte abondante,Les quantités de Maïs et de Millet récupérées par les Paysans sont augmentées de 125 %.,Maïs,50,7190
,8 juillet 2024,Unkn,Bonus : Points d'expérience,Les gains d'expérience sont augmentés de 50 % sur les créatures de type Pirates de Moon.,Nœud de Marin,2,4551
,9 juillet 2024,Blid,Bonus : Forgemagie améliorée,Les Cordomages ont 15 % de chances de ne pas consumer de rune lorsqu'ils tentent d'améliorer un objet.,Rune Pod,2,769
,10 juillet 2024,Jihelair,Bonus : Élevage de montures,"Toutes les variétés de dragodindes, volkornes et muldos prune donnent naissance à un bébé supplémentaire.",Arc Sifflant,1,769
,11 juillet 2024,Oskerine,Bonus : Minerai abondant,Les quantités de Bauxite récupérées par les Mineurs sont augmentées de 125 %.,Bauxite,30,5585
,12 juillet 2024,Pasquéoz,Bonus : Challenge supplémentaire,Un challenge supplémentaire est généré contre les créatures de type Clan Martegel.,Poils de barbe de Barbélier,2,21990
,13 juillet 2024,Klernodie,Bonus : Butin,Les chances d'obtenir du butin sont augmentées de 100 % dans le donjon de la Vallée de la Dame des eaux.,Eau de Kwapa,2,9191
,14 juillet 2024,Zuart,Bonus : Expérience du Kolizéum,Les gains d'expérience sont augmentés de 75 % lors des combats du Kolizéum.,Chaînes Brisées,6,1517
,15 juillet 2024,Bouilli,Bonus : Gibier abondant,Les quantités de Viande Goûtue récupérées par les Chasseurs sont augmentées de 125%.,Viande Goûtue,2,21990
,16 juillet 2024,Okajin,Bonus : Anomalies temporelles,"Les chances d'obtenir du butin sont augmentées de 50 % dans toutes les zones influencées par une anomalie temporelle. De plus, les gains d'expérience et les chances d'obtenir du butin sont augmentés de 25 % dans les zones des forêts de Vulkania.",Boue Vénérable,2,16866
,17 juillet 2024,Luzbel,Bonus : Points d'expérience,Les gains d'expérience sont augmentés de 75 % dans la zone des Prairies d'Astrub.,Peau de Larve Verte,6,395
,18 juillet 2024,Titi,Bonus : Concassage,"Pour chaque rune obtenue en brisant des objets, les concasseurs ont 10 % de chances de créer une seconde rune.",Mauvaise Pioche,1,395
,19 juillet 2024,Alucard,Bonus : Points d'expérience,Les gains d'expérience sont augmentés de 100 % dans le donjon du Palais de Dantinea.,Peau de Trithon,1,21990
,20 juillet 2024,Gurvamon,Bonus : Apparition des ressources,La vitesse d'apparition des céréales récoltées par les Paysans est augmentée de 100 %.,Huile de Tournesol Sauvage,1,769
,21 juillet 2024,Alhera,Bonus : Butin,Les chances d'obtenir du butin sont augmentées de 50 % sur les créatures de type Gobelins de Sakaï.,Fragment de pépite de Sakaï,1,18955
,22 juillet 2024,Tholank,Bonus : Points d'expérience,Les gains d'expérience sont augmentés de 75 % dans les zones du Port de givre et de La Bourgade.,Sardine à l'Étouffée,3,3144
,23 juillet 2024,Kaoly,Bonus : Expérience des familiers,Les gains d'expérience des familiers sont augmentés de 50 %.,Chacha,1,747
,24 juillet 2024,Xan,Bonus : Bois abondant,Les quantités de Bambou Sacré et d'Orme récupérées par les Bûcherons sont augmentées de 125 %.,Bois d'Orme,10,8993
,25 juillet 2024,Anulideven,Bonus : Challenges augmentés,Les bonus apportés par les challenges réussis sont augmentés de 150 % dans la zone de Gisgoul.,Furoncle de la Mama Bwork,3,17240
,26 juillet 2024,Lokhaan,Bonus : Challenge supplémentaire,Un challenge supplémentaire est généré contre les monstres présents dans les zones de l'Orée enchantée et du Dédale du Dark Vlad.,Pic de Malépik,3,12116
,27 juillet 2024,Benka,Bonus : Gibier abondant,Les quantités de Viande Hachée et de Viande Faisandée récupérées par les Chasseurs sont augmentées de 125%.,Boulette de Viande,6,593
,28 juillet 2024,Nobozil,Bonus : Points d'expérience,Les gains d'expérience sont augmentés de 100 % dans le donjon du Dojo du Vent.,Lame brisée de Lichangoro,4,10599
,29 juillet 2024,Olileb,Bonus : Butin,Les chances d'obtenir du butin sont augmentées de 100 % dans le donjon de laCaverne d'El Piko.,Jus de Cacterre,2,9191
,30 juillet 2024,Aleb,Bonus : Troollez manège,"Les gains d'expérience et les chances d'obtenir du butin sont augmentés de 100 % dans le donjon de la Maison Fantôme. De plus, Leonzi Trool attend les aventuriers à la Foire du Trool. Sa bénédiction permet de trooller à tout va (bonus d'initiative et coups critiques durant 15 combats).",Cuir de Boostache Prépubère,3,989
,31 juillet 2024,Krisdanh,Bonus : Points d'expérience,Les gains d'expérience sont augmentés de 50 % sur les créatures de type Chassouilleurs.,Flèche de Crâmbo,2,19153
,1 août 2024,Jycêdus,Bonus : Cueillette abondante,Les quantités de Sauge récupérées par les Alchimistes sont augmentées de 125 %.,Sauge,40,197
,2 août 2024,Pô,Bonus : Challenges augmentés,Les bonus apportés par les challenges réussis sont augmentés de 125 % sur les créatures de type Truches.,Plume de Truchideur,4,8400
,3 août 2024,Puliblak,Bonus : Quête répétable,"Une quête répétable spéciale est disponible aujourd'hui au sud des portes de Bonta. Réalisable à partir du niveau 20, elle est indépendante de la quête d'offrande.",Potion de cité : Bonta,3,5981
,4 août 2024,Anshâ,Bonus : Butin,Les chances d'obtenir du butin sont augmentées de 100 % dans le Cratère Minus.,Cendres Matures,4,8400
,5 août 2024,Meda,Bonus : Pêche abondante,Les quantités de Poisskaille récupérées par les Pêcheurs sont augmentées de 200 %.,Poisskaille,10,10995
,6 août 2024,Jü,Bonus : Challenge supplémentaire,Un challenge supplémentaire est généré contre les monstres présents dans la zone des Calanques d'Astrub.,Crème à bronzer,6,329
,7 août 2024,Dramon,Bonus : Challenges augmentés,Les bonus apportés par les challenges réussis sont augmentés de 150 % dans le donjon de l'Antre du Blop Multicolore Royal.,Racine de Tronkoblop,3,2111
,8 août 2024,Zeg,Bonus : Économie d'ingrédients,Les Mineurs ont 15 % de chances d'économiser des ingrédients lorsqu'ils fabriquent des objets.,Aluminite,1,395
,9 août 2024,Tix,Bonus : Butin,Les chances d'obtenir du butin sont augmentées de 50 % sur les créatures de type Plantes des champs.,Pétale de Tournesol Sauvage,6,395
,10 août 2024,Rigamix,Bonus : Élevage de montures,"Toutes les variétés de dragodindes, volkornes et muldos capables de se reproduire donnent naissance à un bébé supplémentaire.",Mangeoire en Frêne,1,6355
,11 août 2024,Matgap,Bonus : Butin,Les chances d'obtenir du butin sont augmentées de 75 % dans la zone du Mont des Tombeaux.,Kapokaza,3,15436
,12 août 2024,Sab,Bonus : Gibier abondant,Les quantités de Viande Macérée et de Viande de Brousse récupérées par les Chasseurs sont augmentées de 125%.,Viande de Brousse,4,12732
,13 août 2024,Ouchim,Bonus : Challenge supplémentaire,Un challenge supplémentaire est généré contre les créatures de type Monstres de Vulkania.,Flaque Vénérable,2,16866
,14 août 2024,Margarou,Bonus : Challenges augmentés,Les bonus apportés par les challenges réussis sont augmentés de 125 % sur les créatures de type Crocodailles de Crocuzko.,Œil de Crocodaille albinos,1,21990
,15 août 2024,Orreip,Bonus : Anomalies en folie,"Les gains d'expérience, les chances d'obtenir du butin et le butin généré par les Percepteurs sont augmentés de 100 % dans toutes les zones influencées par une anomalie temporelle.",Paupière d'Étoile,6,1517
,16 août 2024,Lortecaps,Bonus : Cueillette abondante,Les quantités deGinseng et de Graines de Pandouille récupérées par les Alchimistes sont augmentées de 125 %.,Ginseng,40,5585
,17 août 2024,Marjul,Bonus : Minerai abondant,Les quantités de Bronze récupérées par les Mineurs sont augmentées de 125 %.,Bronze,30,593
,18 août 2024,Ynniw,Bonus : Butin,Les chances d'obtenir du butin sont augmentées de 50 % sur les créatures de type Ravageurs.,Corne de Typhomet,2,21990
,19 août 2024,Pilserpus,Bonus : Objets de qualité,La qualité des objets fabriqués dans la ville d'Astrub est augmentée.,Bottes de Satisfaction,1,769
,20 août 2024,Gridoo,Bonus : Gibier abondant,Les quantités de Viande Ladre et de Viande Avariée récupérées par les Chasseurs sont augmentées de 125 %.,Viande Avariée,6,3144
,21 août 2024,Theomak,Bonus : Challenges augmentés,"Les bonus apportés par les challenges réussis sont augmentés de 150 % dans les 4 donjons de l'Eliocalypse (Arbre, Blessures, Désert et Sentence).",Terre Stérile,1,21990
,22 août 2024,Pierdem,Bonus : Pêche abondante,Les quantités de Morue et d'Espadon récupérées par les Pêcheurs sont augmentées de 125 %.,Morue,40,8070
,23 août 2024,Guiboun,Bonus : Butin,Les chances d'obtenir du butin sont augmentées de 75 % dans les zones du Mont Torrideau et de la Ruche des Gloursons.,Poils de Boulglours,2,19944
,24 août 2024,Mikala,Bonus : Points d'expérience,Les gains d'expérience sont augmentés de 100 % dans le donjon de la Sousouricière du Rat Noir.,Pustule de Rat Sio,3,6662
,25 août 2024,Lolzeolf,Bonus : Récolte abondante,Les quantités de céréales récupérées par les Paysans de tous niveaux sont augmentées de 100 %.,Millet,50,8993
,26 août 2024,Fizzi,Bonus : Percepteurs avides,Le butin généré par les Percepteurs est augmenté de 200 % dans les donjons de niveau 200.,Collier d'esclave,1,21990
,27 août 2024,Talentyre,Bonus : Pêche abondante,Les quantités de Raie Bleue et de Requin Marteau-Faucille récupérées par les Pêcheurs sont augmentées de 125 %.,Requin Marteau-Faucille,40,6377
,28 août 2024,Noon,Bonus : Bois abondant,Les quantités de Noyer récupérées par les Bûcherons sont augmentées de 125 %.,Bois de Noyer,40,593
,29 août 2024,Dyw,Bonus : Butin,Les chances d'obtenir du butin sont augmentées de 100 % dans le donjon du Clos des Blops.,Fleur de Blopignon,6,2111
,30 août 2024,So,Bonus : Challenges augmentés,Les bonus apportés par les challenges réussis sont augmentés de 125 % sur les créatures de type Porcos.,Peau de Don Dorgan,1,5981
,31 août 2024,Bitkyo,Bonus : Forgemagie améliorée,Les Costumages ont 15 % de chances de ne pas consumer de rune lorsqu'ils tentent d'améliorer un objet.,Rune Ré Eau,4,769
,1 septembre 2024,Manoush,Bonus : Points d'expérience,Les gains d'expérience sont augmentés de 100 % dans le donjon de la Chambre des maléfices.,Épine d'Armuguet,2,21990
,2 septembre 2024,Ancestrotek,Bonus : Vitalité débordante,"La régénération des Points de Vie est augmentée de 300 % (hors combat), et les soins par consommables (vie et énergie) sont augmentés de 100 %.",Potion de Mini Soin Supérieure,4,395
,3 septembre 2024,Vikotoru,Bonus : Butin,Les chances d'obtenir du butin sont augmentées de 50 % sur les créatures de type Yokianzhi d'encre et Yokianzhi de papier.,Pétale d'encre,1,21990
,4 septembre 2024,Lorko,Bonus : Fabrication intensive,"Pour chaque objet fabriqué, les Bûcherons ont 10 % de chances de créer un second objet.",Planche Contreplaquée,1,395
,5 septembre 2024,Lucimay,Bonus : Challenges augmentés,Les bonus apportés par les challenges réussis sont augmentés de 150 % dans la zone et le donjon du Labyrinthe du Minotoror (et son centre).,Plume du Serpiplume,4,8927
,6 septembre 2024,Zouzo,Bonus : Points d'expérience,Les gains d'expérience sont augmentés de 50 % sur les créatures de type Corbacs.,Poil de Renarbo,5,6662
,7 septembre 2024,Cherop,Bonus : Challenge supplémentaire,Un challenge supplémentaire est généré contre les créatures de type Florifaune obscure.,Sépale de Nerbe,4,10027
,8 septembre 2024,Davut,Bonus : Apparition des ressources,La vitesse d'apparition des ressources est augmentée de 150 % dans les zones des Profondeurs de Sufokia.,Écume de mer,10,10995
,9 septembre 2024,Mud,Bonus : Points d'expérience,Les gains d'expérience sont augmentés de 75 % dans la zone de la Plaine des Porkass.,Trident Cassé,6,1517
,10 septembre 2024,Mau,Bonus : Élevage de montures,"Toutes les variétés de dragodindes, volkornes et muldos ébène ainsi que de volkornes améthyste donnent naissance à un bébé supplémentaire.",Aile de Dragodinde,1,2462
,11 septembre 2024,Xa,Bonus : Points d'expérience,Les gains d'expérience sont augmentés de 75 % dans la zone du Territoire des Dragodindes Sauvages.,Sueur de dragodinde,4,3628
,12 septembre 2024,Grugin,Bonus : Bonta et Brâkmar,"Les récompenses en points d'expérience des quêtes d'alignement sont augmentées de 100 %. De plus, une quête répétable spéciale est disponible aujourd'hui à l'intérieur des milices de Bonta ou de Brâkmar. Réalisable à partir du niveau 20 par les personnages alignés, elle est indépendante de la quête d'offrande.",Flamme Spectrale,6,1517
,13 septembre 2024,Yukin,Bonus : Récolte abondante,Les quantités de Lin récupérées par les Paysans sont augmentées de 125 %.,Lin,50,2001
,14 septembre 2024,Farod,Bonus : Anomalies temporelles,"Les gains d'expérience sont augmentés de 50 % dans toutes les zones influencées par une anomalie temporelle. De plus, les gains d'expérience et les chances d'obtenir du butin sont augmentés de 25 % dans la zone de la Bordure de Brâkmar.",Sueur Froide de Fantôme,6,1517
,15 septembre 2024,Makss,Bonus : Challenges augmentés,Les bonus apportés par les challenges réussis sont augmentés de 150 % dans le donjon du Laboratoire de Nileza.,Bractée de Drosérâle,2,21990
,16 septembre 2024,Latürb,Bonus : Butin,Les chances d'obtenir du butin sont augmentées de 75 % dans les zones de la Gorge des Vents Hurlants et de la Cité Oubliée.,Carapace de Ver des Sables,1,15436
,17 septembre 2024,Nosruo,Bonus : Apparition des ressources,La vitesse d'apparition des ressources est augmentée de 150 % dans la zone de la Forêt d'Amakna.,Substrat de Buisson,1,1165
,18 septembre 2024,Guidys,Bonus : Points d'expérience,Les gains d'expérience sont augmentés de 100 % dans le Donjon des Squelettes.,Os de Chafer,9,989
,19 septembre 2024,Olvido,Bonus : Points d'expérience et butin sur les pirates,Les gains d'expérience et les chances d'obtenir du butin sont augmentés de 50 % sur tous les monstres considérés comme des pirates.,Rhum de Qualité,6,4551
,20 septembre 2024,Nido,Bonus : Gibier abondant,Les quantités de Viande Fraîche et de Viande Maigre récupérées par les Chasseurs sont augmentées de 125%.,Mijoté Récréatif,4,21594
,21 septembre 2024,Bodirom,Bonus : Objets de qualité,La qualité des objets fabriqués dans la ville de Brâkmar est augmentée.,Épée d'Ha,1,769
,22 septembre 2024,Djuuma,Bonus : Challenge supplémentaire,Un challenge supplémentaire est généré contre les monstres présents dans la zone des Dunes des ossements.,Sable Fin,2,3980
,23 septembre 2024,Foluk,Bonus : Butin,Les chances d'obtenir du butin sont augmentées de 50 % sur les créatures de type Herboricoles.,Crinière fleurie,1,5981
,24 septembre 2024,Emp,Bonus : Percepteurs avides,Le butin généré par les Percepteurs est augmenté de 200 % dans tous les donjons.,Pépite,3,1495
,25 septembre 2024,Franho,Bonus : Cadeaux surprises,"Des Présents surprenants ont été ajoutés aux butins des monstres des donjons. Lorsqu'ils sont utilisés, ils permettent d'obtenir une bonne ou mauvaise surprise.",Crabe Surprise,3,945
,26 septembre 2024,Nufrank,Bonus : Minerai abondant,Les quantités de Dolomite et d'Obsidienne récupérées par les Mineurs sont augmentées de 125 %.,Obsidienne,30,10995
,27 septembre 2024,Wasaru,Bonus : Points d'expérience,Les gains d'expérience sont augmentés de 100 % dans le donjon de la Canopée du Kimbo.,Tresse du Poolay,1,10599
,28 septembre 2024,Sad,Bonus : Coffres aux trésors,Des Coffres de Sad peuvent être gagnés à la fin des chasses aux trésors.,Arc Déroutant,1,769
,29 septembre 2024,Dethoama,Bonus : Challenges augmentés,Les bonus apportés par les challenges réussis sont augmentés de 125 % sur les fantômes de l'Équipage du Grolandais.,Mât de Fantômat,3,12732
,30 septembre 2024,Sulp,Bonus : Butin,Les chances d'obtenir du butin sont augmentées de 100 % dans le donjon des Pitons rocheux des Craqueleurs.,Dent en Or de Craqueleur,1,2836
,1 octobre 2024,Moomoo,Bonus : Points d'expérience,Les gains d'expérience sont augmentés de 50 % sur les soldats de la Fratrie des Oubliés : les Calcinés et les Submergés.,Aquarakne de Crânonier,2,21990
,2 octobre 2024,Kosal,Bonus : Bois abondant,Les quantités de Bois de Pin et de Bois d'Oliviolet récupérées par les Bûcherons sont augmentées de 125 %.,Bois de Pin,40,2462
,3 octobre 2024,Chik,Bonus : Quête répétable,"Une quête répétable spéciale est disponible aujourd'hui près de la fontaine du village d'Amakna. Réalisable à partir du niveau 20, elle est indépendante de la quête d'offrande.",Arc Holic,1,769
,4 octobre 2024,Jujü,Bonus : Challenge supplémentaire,Un challenge supplémentaire est généré contre les monstres présents dans la zone de la Futaie enneigée.,Pom de Pin,2,1517
,5 octobre 2024,Ounirom,Bonus : Pêche abondante,"Les quantités de Poisson Pané, de Sardine Brillante et de < b>Kralamoure récupérées par les Pêcheurs sont augmentées de 125 %.",Kralamoure,40,2462
,6 octobre 2024,Ketzakwet,Bonus : Butin,Les chances d'obtenir du butin sont augmentées de 100 % dans le donjon du Laboratoire du Tynril.,Étamine de Floribonde,4,10445
,7 octobre 2024,Krûnsh,Bonus : Points d'expérience,Les gains d'expérience sont augmentés de 75 % dans la zone du Cauchemar des Ravageurs.,Pic de Ravageur,1,21990
,8 octobre 2024,Kroketh,Bonus : Gibier abondant,Les quantités de viande récupérées par les Chasseurs de tous niveaux sont augmentées de 100 %.,Viande Saignante,5,8400
,9 octobre 2024,Nitsougnal,Bonus : Challenge supplémentaire,Un challenge supplémentaire est généré contre les créatures de type Firefoux.,Poils de Pétartifoux,4,10599
,10 octobre 2024,Benjo,Bonus : Élevage de montures,"Toutes les variétés de dragodindes, volkornes et muldos ivoire donnent naissance à un bébé supplémentaire.",Dent de Dragodinde,6,2836
,11 octobre 2024,Emattera,Bonus : Butin,Les chances d'obtenir du butin sont augmentées de 75 % dans la zone de la Désolation de Sidimote.,Kolérat Mort,1,2836
,12 octobre 2024,Diakollec,Bonus : Voyages dimensionnels,Les gains d'expérience et les chances d'obtenir du butin sont augmentés de 50 % dans toutes les zones des dimensions divines.,Tige de Bambouto,5,6662
,13 octobre 2024,Astirout,Bonus : Points d'expérience,Les gains d'expérience sont augmentés de 50 % sur les Kwapa.,Concombre,4,9191
,14 octobre 2024,Takeza,Bonus : Expérience des montures,Les gains d'expérience des montures sont augmentés de 200 %.,Parmentier à l'Oignon,4,4705
,15 octobre 2024,Dnegeleht,Bonus : Récolte abondante,Les quantités de Chanvre récupérées par les Paysans sont augmentées de 125 %.,Chanvre,50,197
,16 octobre 2024,Kuri,Bonus : Points d'expérience,Les gains d'expérience sont augmentés de 100 % dans le donjon de la Caverne du Koulosse.,Corne du Boufcoul,5,5563
,17 octobre 2024,Yaloop,Bonus : Bois abondant,Les quantités de Bois de Noisetier et deBois de Merisier récupérées par les Bûcherons sont augmentées de 125 %.,Bois de Noisetier,40,4859
,18 octobre 2024,Fry,Bonus : Challenges augmentés,Les bonus apportés par les challenges réussis sont augmentés de 125 % sur les créatures de l'Armée de brume.,Plastron de Tambouraï,3,13721
,19 octobre 2024,Zellina,Bonus : Apparition des ressources,La vitesse d'apparition des poissons de tous types est augmentée de 100 %.,Perche,40,4200
,20 octobre 2024,Sephy,Bonus : Points d'expérience,Les gains d'expérience sont augmentés de 100 % dans les donjons de la Mémoire d'Orukam et du Souvenir d'Imagiro.,Pétale de Papier,1,21990
,21 octobre 2024,Baba,Bonus : Fabrication intensive,Les quantités d'objets fabriqués par les Chasseurs sont augmentées de 25 %.,Poêlée Paysanne,4,8993
,22 octobre 2024,Viviantho,Bonus : Expérience des métiers,"Les gains d'expérience sont augmentés de 50 % pour les Bûcherons, les Mineurs et les Alchimistes.",Silicate,30,2990
,23 octobre 2024,Patawaii,Bonus : Anomalies temporelles,"Les chances d'obtenir du butin sont augmentées de 50 % dans toutes les zones influencées par une anomalie temporelle. De plus, les gains d'expérience et les chances d'obtenir du butin sont augmentés de 25 % dans la zone de la Dimension Obscure.",Symbole des Obscuranti,1,20142
,24 octobre 2024,Sili,Bonus : Minerai abondant,Les quantités de Fer récupérées par les Mineurs sont augmentées de 125 %.,Fer,30,197
,25 octobre 2024,Rikoo,Bonus : Butin,Les chances d'obtenir du butin sont augmentées de 50 % sur les créatures de type Faune des Pins Perdus.,Poils de Smilomouth,4,8400
,26 octobre 2024,Capt,Bonus : Points d'expérience,"Les gains d'expérience sont augmentés de 50 % sur les créatures de type Wabbits, Wabbits mutants et Gawde du Wa.",Dent de Wabbit,9,1451
,27 octobre 2024,Coyo,Bonus : Économie d'ingrédients,Les Sculpteurs économisent 15 % de leurs ingrédients lorsqu'ils fabriquent des objets.,Bâton Feuillu,1,769
,28 octobre 2024,Fredocigam,Bonus : Cueillette abondante,Les quantités de Mandragore et de Belladone récupérées par les Alchimistes sont augmentées de 125 %.,Mandragore,40,5585
,29 octobre 2024,Tchokun,Bonus : Butin,Les chances d'obtenir du butin sont augmentées de 75 % dans la zone de la Crevasse Perge.,Malléole de Yomi Givrefoux,3,16140
,30 octobre 2024,Macugny,Bonus : Percepteurs avides,Le butin généré par les Percepteurs est augmenté de 200 % dans les donjons de niveau 120 à 150.,Akaslip d'Akakwa,4,9191
,31 octobre 2024,Asid,Bonus : Cadeaux surprises,"Des Surprises de Trikortritt ont été ajoutées aux butins des monstres. Lorsqu'elles sont utilisées, elles permettent d'obtenir des Bonbons d'Halouine ou bien de se retrouver transformé en Petite Chauffe-Soutrille.",Poils de Barbe du Bwork Mage,6,1517
,1 novembre 2024,Mitomiel,Bonus : Points d'expérience et butin en slip,Les gains d'expérience lors des combats contre les monstres et les chances d'obtenir du butin sont augmentés de 50 % pour tous les aventuriers qui sont équipés d'un slip.,Slip de Troollaraj,1,7762
,2 novembre 2024,Nikodeus,Bonus : Butin,Les chances d'obtenir du butin sont augmentées de 75 % dans les zones du Port des Ravageurs et de Pandamonium.,Groin de Porkzebuth,2,21990
,3 novembre 2024,Miloune,Bonus : Économie d'ingrédients,Les Tailleurs ont 15 % de chances d'économiser des ingrédients lorsqu'ils fabriquent des objets.,Cape Abilité,1,769
,4 novembre 2024,Kacinka,Bonus : Avis de recherche,La vitesse d'apparition des monstres d'Avis de recherche est augmentée de 200 %. .,Fibre criminelle,1,2836
,5 novembre 2024,Mathrû,Bonus : Challenges augmentés,Les bonus apportés par les challenges réussis sont augmentés de 150 % dans le donjon de la Brasserie du roi Dazak.,Dent de Vatenbière,2,21990
,6 novembre 2024,Hito,Bonus : Bois abondant,Les quantités de Bois de Châtaignier récupérées par les Bûcherons sont augmentées de 125 %.,Bois de Châtaignier,40,197
,7 novembre 2024,Pouki,Bonus : Butin,Les chances d'obtenir du butin sont augmentées de 50 % sur les Animaux de la forêt.,Pic de Prespic,6,593
,8 novembre 2024,Poup,Bonus : Points d'expérience,Les gains d'expérience sont augmentés de 50 % sur les créatures de type Serviteurs de l'Indicible.,Patte de Li-Fo,2,21990
,9 novembre 2024,Tilapiatsu,Bonus : Challenges augmentés,Les bonus apportés par les challenges réussis sont augmentés de 125 % sur les Pirates naufragés et les Pirates de l'Arche d'Otomaï.,Foulard du Sparo,6,2594
,10 novembre 2024,Otoul,Bonus : Élevage de montures,"Toutes les variétés de dragodindes, volkornes et muldos orchidée ainsi que de volkornes rubis donnent naissance à un bébé supplémentaire.",Goujon,40,197
,11 novembre 2024,Namsporp,Bonus : Bénédiction de Miss Triste,Miss Triste attend les aventuriers qui veulent se refaire une laideur près de la fontaine du village d'Amakna. Sa bénédiction transforme temporairement en Crocodaille (effet qui disparaît quand un combat est lancé) et en Souffre-Douleur (bonus de 50 Puissance et 10 dommages fixes durant 15 combats).,Écaille de Crocodaille,6,1517
,12 novembre 2024,Jacoula,Bonus : Butin,Les chances d'obtenir du butin sont augmentées de 50 % sur les créatures de type Trithons.,Lanterne de Tourthon,2,21990
,13 novembre 2024,Dek,Bonus : Challenges augmentés,Les bonus apportés par les challenges réussis sont augmentés de 150 % dans le donjon du Laboratoire de Brumen Tinctorias.,Graine de Scorbute,6,2836
,14 novembre 2024,Flouky,Bonus : Forgemagie améliorée,Les Joaillomages ont 15 % de chances de ne pas consumer de rune lorsqu'ils tentent d'améliorer un objet.,Rune Vi,4,769
,15 novembre 2024,Reniator,Bonus : Quête répétable,"Une quête répétable spéciale est disponible aujourd'hui près de la vieille chapelle d'Astrub. Réalisable à partir du niveau 20, elle est indépendante de la quête d'offrande.",Leurnettes,1,769
,16 novembre 2024,Mustasly,Bonus : Points d'expérience,Les gains d'expérience sont augmentés de 50 % sur les Rats Strubiens et les Rats Maknéens.,Peau de Ramane d'Égoutant,6,2111
,17 novembre 2024,Messikriss,Bonus : Gibier abondant,Les quantités de Viande séchée récupérées par les Chasseurs sont augmentées de 125%.,Viande Séchée,5,7146
,18 novembre 2024,Annbonny,Bonus : Challenge supplémentaire,Un challenge supplémentaire est généré contre les monstres présents dans les zones des Canaux Méphitiques et des Entrailles de Brâkmar.,Patte de la Gardienne des Égouts,1,13545
,19 novembre 2024,Waro,Bonus : Économie d'ingrédients,Les Bûcherons économisent 15 % de leurs ingrédients lorsqu'ils fabriquent des objets.,Substrat de Bocage,1,3562
,20 novembre 2024,Julo,Bonus : Anomalies temporelles,"Les gains d'expérience des montures sont augmentés de 100 % dans toutes les zones influencées par une anomalie temporelle. De plus, les gains d'expérience et les chances d'obtenir du butin sont augmentés de 25 % dans les zones (hors donjons) des Cavaliers de l'Eliocalypse.",Sang coagulé,2,21990
,21 novembre 2024,Mûnir,Bonus : Points d'expérience,Les gains d'expérience sont augmentés de 50 % sur les créatures de type Vermines des champs.,Ailes de Moskito,6,395
,22 novembre 2024,Jeffarctor,Bonus : Butin,Les chances d'obtenir du butin sont augmentées de 50 % sur les créatures de type Kanigs des Dents de Pierre.,Griffe de Félygiène,3,13391
,23 novembre 2024,Angy,Bonus : Challenges augmentés,Les bonus apportés par les challenges réussis sont augmentés de 125 % sur les créatures de type Brûlâmes.,Fragment d'Ectorche,2,21990
,24 novembre 2024,Fafah,Bonus : Récolte abondante,Les quantités d'Avoine récupérées par les Paysans sont augmentées de 125 %.,Avoine,50,593
,25 novembre 2024,Lateralus,Bonus : Challenge supplémentaire,Un challenge supplémentaire est généré contre les monstres présents dans la zone des Champs de glace.,Laine de Boufmouth légendaire,5,8136
,26 novembre 2024,Uicuic,Bonus : Butin,Les chances d'obtenir du butin sont augmentées de 50 % sur les Vilinsekts.,Antennes de Vilinsekt,9,989
,27 novembre 2024,Tinyrus,Bonus : Bois abondant,Les quantités de Bois d'If récupérées par les Bûcherons sont augmentées de 125 %.,Bois d'If,40,6289
,28 novembre 2024,Vanderivz,Bonus : Double butin,Les aventuriers ont 20 % de chances de générer un second butin sur tous les monstres affrontés dans les donjons.,Poils de Barbe de Dragodinde,1,2836
,29 novembre 2024,Eltux,Bonus : Minerai abondant,Les quantités de Kobalte récupérées par les mineurs sont augmentées de 125 %.,Kobalte,30,1187
,30 novembre 2024,Inooni,Bonus : Challenges augmentés,Les bonus apportés par les challenges réussis sont augmentés de 125 % sur les créatures de type Givrefoux.,Laine de Yokaï Givrefoux,3,16140
,1 décembre 2024,Ezimuos,Bonus : Points d'expérience,Les gains d'expérience sont augmentés de 50 % sur les créatures de type Goules.,Œil de Gouligane,2,21990
,2 décembre 2024,Tiris,Bonus : Expérience des métiers,"Les gains d'expérience sont augmentés de 50 % pour les Bricoleurs, les Forgerons, les Sculpteurs et les Façonneurs.",Bouclier du tournesol sauvage,1,769
,3 décembre 2024,Edacsak,Bonus : Challenge supplémentaire,Un challenge supplémentaire est généré contre les monstres présents dans la zone du Lac Gelé.,Peau de Mansobèse,4,8642
,4 décembre 2024,Eltruteht,Bonus : Bois abondant,Les quantités de Bois récupérées par les Bûcherons de tous niveaux sont augmentées de 100 %.,Bois d'Oliviolet,40,2462
,5 décembre 2024,Ologar,Bonus : Points d'expérience,Les gains d'expérience sont augmentés de 75 % dans la zone de la Carrière d'Astrub.,Casque de Sherpoa,6,593
,6 décembre 2024,Adam,Bonus : Kolizétons,La quantité de jetons gagnée en Kolizéum est augmentée de 100 %.,Charbon,6,2594
,7 décembre 2024,Kountar,Bonus : Butin,Les chances d'obtenir du butin sont augmentées de 50 % sur les Koalaks et les Koalaks sauvages.,Étoffe de Dok Alako,6,3474
,8 décembre 2024,Moko,Bonus : Cueillette abondante,Les quantités de Perce-Neige récupérées par les Alchimistes sont augmentées de 200 %.,Perce-Neige,10,10995
,9 décembre 2024,Ingmar,Bonus : Points d'expérience,Les gains d'expérience sont augmentés de 100 % dans le donjon du Garde-manger du Rat Blanc.,Poil de Rat Bontarien,2,6662
,10 décembre 2024,Foya,Bonus : Élevage de montures,"Toutes les variétés de dragodindes, volkornes et muldos émeraude donnent naissance à un bébé supplémentaire.",Queue de Dragodinde,1,2462
,11 décembre 2024,Bovjouski,Bonus : Économie d'ingrédients,Les Cordonniers économisent 15 % de leurs ingrédients lorsqu'ils fabriquent des objets.,Pacmabottes,2,769
,12 décembre 2024,Mig,Bonus : Quête répétable,"Une quête répétable spéciale est disponible aujourd'hui près des portes de Brâkmar. Réalisable à partir du niveau 20, elle est indépendante de la quête d'offrande.",Potion de cité : Brâkmar,3,5981
,13 décembre 2024,Sêpt,Bonus : Apparition des ressources,La vitesse d'apparition des minerais de tous types est augmentée de 100 %.,Dolomite,30,8993
,14 décembre 2024,Jason,Bonus : Challenges augmentés,Les bonus apportés par les challenges réussis sont augmentés de 150 % dans le donjon de la Chambre de Tal Kasha.,Paupière Dorée de Rykaon,1,21990
,15 décembre 2024,Eboren,Bonus : Butin,Les chances d'obtenir du butin sont augmentées de 75 % dans la zone de la plaine des Porkass.,Cuir de Porkass,6,1517
,16 décembre 2024,Lucyvan,Bonus : Challenge supplémentaire,Un challenge supplémentaire est généré contre les monstres de Nowel.,Emballage de Nowel Écarlate,2,1737
,17 décembre 2024,Ryf,Bonus : Pêche abondante,Les quantités d'Anguille et de Dorade Grise récupérées par les Pêcheurs sont augmentées de 125 %.,Anguille,40,2990
,18 décembre 2024,Sebsokk,Bonus : Challenges des donjons,Les bonus apportés par les challenges réussis sont augmentés de 150 % dans tous les donjons.,Chance d'Ecaflip,1,769
,19 décembre 2024,Reivax,Bonus : Points d'expérience,Les gains d'expérience sont augmentés de 50 % sur les monstres de Nowel.,Flocon de Neige,2,1737
,20 décembre 2024,Benjak,Bonus : Fabrication intensive,"Pour chaque objet fabriqué, les Mineurs ont 10 % de chances de créer un second objet.",Ebonite,1,1187
,21 décembre 2024,Grüg,Bonus : Challenge supplémentaire,Un challenge supplémentaire est généré contre les monstres présents dans les zones du Cimetière d'Amakna et des Cryptes du Cimetière.,Canine Vampiresque,6,989
,22 décembre 2024,Maxarès,Bonus : Apparition des ressources,La vitesse d'apparition des ressources est augmentée de 150 % dans la zone du Port de Madrestam.,Poisson Pané,40,879
,23 décembre 2024,Math,Bonus : Gibier abondant,Les quantités de Viande Tendre récupérées par les Chasseurs sont augmentées de 125%.,Viande Tendre,6,1737
,24 décembre 2024,Milivar,Bonus : Coffres aux trésors,Des Coffres de Milivar peuvent être gagnés à la fin des chasses aux trésors.,Médaille en Chocolat,1,1737
,25 décembre 2024,Simsof,Bonus : Cadeaux surprises,"Des Cadeaux de Nowel ont été ajoutés aux butins des monstres. Lorsqu'ils sont utilisés, ils permettent d'obtenir des ressources ou d'autres objets aléatoires.",Joli cadeau de Nowel,4,5981
,26 décembre 2024,Fhenris,Bonus : Butin,Les chances d'obtenir du butin sont augmentées de 100 % dans le donjon de l'Excavation du Mansot Royal.,Poil de barbe du Shamansot,4,9873
,27 décembre 2024,Korri,Bonus : Points d'expérience,Les gains d'expérience sont augmentés de 50 % sur les créatures de type Marteaux-Aigris.,Fronde de Boufronde,2,19153
,28 décembre 2024,Ediva,Bonus : Percepteurs avides,Le butin généré par les Percepteurs est augmenté de 200 % dans les donjons de niveau 160 à 190.,Kaokurimono,3,15436
,29 décembre 2024,Cocoyuyu,Bonus : Récolte abondante,Les quantités de Seigle et de Riz récupérées par les Paysans sont augmentées de 125 %.,Riz,40,2990
,30 décembre 2024,Dari,Bonus : Butin,Les chances d'obtenir du butin sont augmentées de 50 % sur les créatures de type Automates des Brigandins.,Bidule inutile,1,1561
,31 décembre 2024,Aisk,Bonus : Anomalies temporelles,"Les bonus apportés par les challenges réussis sont augmentés de 75 % dans toutes les zones influencées par une anomalie temporelle. De plus, les gains d'expérience et les chances d'obtenir du butin sont augmentés de 25 % dans la zone de la Forêt des Masques.",Viande Ladre,6,2396